1,64
1,77
1,89
1,130
1,258
1,415
2,61
2,103
2,131
2,259
2,381
2,407
3,52
3,166
3,199
3,217
3,218
3,264
3,314
3,412
4,18
4,41
4,64
4,282
4,320
4,406
5,3
5,77
5,95
5,155
5,225
5,281
5,417
6,1
6,35
6,90
6,167
6,249
6,401
7,61
7,95
7,130
7,199
7,381
7,407
8,22
8,43
8,78
8,122
8,161
8,227
8,452
9,153
9,211
9,234
9,347
9,361
9,369
9,402
10,123
10,142
10,156
10,235
10,266
10,351
10,404
11,81
11,168
11,198
11,218
11,344
11,371
11,391
12,11
12,58
12,122
12,162
12,252
12,452
13,1
13,36
13,89
13,163
13,237
13,268
13,401
14,63
14,94
14,259
14,312
14,372
14,399
15,78
15,92
15,165
15,231
15,264
15,332
15,414
16,16
16,42
16,64
16,197
16,221
16,289
16,321
16,382
16,406
17,17
17,40
17,178
17,242
17,291
17,349
17,409
18,19
18,40
18,66
18,140
18,175
18,243
18,411
19,14
19,171
19,198
19,239
19,293
19,345
19,404
20,37
20,271
20,326
20,382
20,398
21,1
21,57
21,90
21,172
21,313
21,382
21,388
22,5
22,82
22,180
22,231
22,330
22,369
22,415
23,83
23,139
23,174
23,240
23,373
23,384
23,409
24,15
24,44
24,151
24,169
24,219
24,290
24,322
24,382
24,413
25,14
25,64
25,137
25,140
25,174
25,231
25,291
25,382
25,415
26,3
26,66
26,135
26,176
26,228
26,341
26,415
27,20
27,170
27,179
27,200
27,244
27,305
27,313
27,399
28,94
28,131
28,144
28,182
28,194
28,216
28,404
29,102
29,182
29,215
29,275
29,362
29,368
29,382
29,400
30,3
30,7
30,66
30,135
30,179
30,220
30,262
30,263
30,392
31,73
31,92
31,182
31,226
31,228
31,296
31,297
31,308
31,404
32,33
32,134
32,166
32,195
32,241
32,353
32,401
33,1
33,36
33,130
33,184
33,245
33,381
33,401
34,19
34,74
34,160
34,236
34,256
34,282
34,392
35,169
35,194
35,223
35,259
35,334
35,381
35,409
36,21
36,42
36,62
36,304
36,304
36,382
36,452
37,15
37,95
37,145
37,163
37,216
37,313
37,413
38,23
38,153
38,208
38,234
38,257
38,354
38,382
38,415
39,126
39,177
39,225
39,282
39,299
39,323
39,418
40,22
40,41
40,131
40,186
40,246
40,292
40,382
40,399
41,185
41,210
41,247
41,350
41,383
41,386
42,66
42,96
42,161
42,207
42,250
42,415
43,16
43,44
43,94
43,154
43,235
43,293
43,391
44,187
44,240
44,296
44,341
44,347
44,384
44,412
45,95
45,141
45,159
45,164
45,188
45,230
45,352
45,354
45,368
45,387
46,84
46,155
46,196
46,214
46,223
46,258
46,274
46,391
47,73
47,123
47,173
47,217
47,295
47,307
47,392
48,3
48,66
48,176
48,245
48,283
48,320
48,382
48,417
49,18
49,96
49,165
49,197
49,242
49,273
49,387
50,172
50,209
50,251
50,344
50,366
50,382
50,396
51,94
51,169
51,217
51,265
51,308
51,322
51,412
52,7
52,95
52,130
52,157
52,214
52,292
52,408
53,96
53,175
53,194
53,241
53,291
53,314
53,382
53,387
54,53
54,85
54,167
54,198
54,226
54,262
54,412
55,56
55,74
55,168
55,283
55,322
55,408
56,52
56,84
56,156
56,199
56,233
56,275
56,387
57,3
57,139
57,171
57,228
57,281
57,325
57,410
58,53
58,81
58,141
58,178
58,243
58,256
58,382
58,412
59,170
59,229
59,306
59,331
59,346
59,374
59,412
60,14
60,45
60,131
60,182
60,245
60,281
60,412
60,414
61,4
61,85
61,182
61,219
61,267
61,321
61,412
62,19
62,43
62,145
62,159
62,234
62,267
62,382
62,391
63,15
63,46
63,174
63,236
63,307
63,348
63,391
64,4
64,58
64,176
64,283
64,321
64,408
65,92
65,129
65,193
65,222
65,329
65,414
66,66
66,78
66,85
66,158
66,230
66,368
66,382
66,409
67,23
67,92
67,183
67,210
67,239
67,345
67,396
68,94
68,123
68,140
68,180
68,232
68,244
68,341
68,452
69,24
69,160
69,227
69,305
69,351
69,371
69,409
70,11
70,62
70,81
70,257
70,350
70,398
71,36
71,53
71,78
71,184
71,218
71,341
71,392
72,74
72,145
72,153
72,250
72,296
72,404
73,67
73,82
73,187
73,233
73,263
73,312
73,402
74,77
74,168
74,185
74,237
74,293
74,324
74,351
74,388
75,20
75,155
75,211
75,225
75,346
75,373
75,402
76,1
76,34
76,89
76,181
76,228
76,374
76,401
77,6
77,154
77,215
77,274
77,343
77,353
77,382
77,400
78,21
78,42
78,157
78,242
78,354
78,368
78,406
79,134
79,161
79,163
79,218
79,223
79,273
79,300
79,388
80,16
80,40
80,177
80,220
80,297
80,347
80,391
81,52
81,83
81,156
81,230
81,259
81,362
81,382
81,412
82,82
82,158
82,200
82,235
82,258
82,349
82,382
82,387
83,18
83,41
83,174
83,248
83,269
83,408
84,17
84,104
84,172
84,241
84,333
84,348
84,416
85,24
85,43
85,78
85,162
85,238
85,267
85,382
85,408
86,102
86,178
86,243
86,265
86,313
86,342
86,382
86,412
87,33
87,163
87,216
87,315
87,334
87,371
87,392
88,95
88,103
88,166
88,219
88,299
88,312
88,387
89,53
89,83
89,130
89,182
89,214
89,362
89,389
90,19
90,44
90,164
90,215
90,268
90,381
90,407
91,46
91,139
91,165
91,244
91,266
91,306
91,411
92,167
92,247
92,257
92,262
92,372
92,382
92,383
92,415
93,63
93,90
93,195
93,315
93,361
93,382
93,405
94,131
94,153
94,197
94,245
94,314
94,363
94,382
94,389
95,33
95,66
95,105
95,168
95,229
95,342
95,406
96,34
96,89
96,169
96,232
96,267
96,344
96,382
96,402
97,16
97,45
97,64
97,170
97,237
97,281
97,320
97,382
97,406
98,41
98,61
98,137
98,143
98,291
98,388
99,43
99,61
99,283
99,313
99,321
99,322
99,388
100,68
100,95
100,155
100,196
100,234
100,381
100,407
101,66
101,181
101,207
101,230
101,343
101,369
101,382
101,415
102,40
102,57
102,171
102,282
102,325
102,388
103,11
103,173
103,240
103,256
103,345
103,373
103,382
103,405
104,101
104,129
104,177
104,217
104,218
104,305
104,353
104,412
105,7
105,52
105,84
105,184
105,233
105,341
105,406
106,96
106,102
106,160
106,221
106,330
106,370
106,387
107,101
107,154
107,218
107,264
107,361
107,372
107,394
108,42
108,123
108,137
108,140
108,155
108,235
108,382
108,417
109,20
109,46
109,131
109,156
109,235
109,304
109,382
109,412
110,14
110,73
110,185
110,244
110,292
110,308
110,398
111,41
111,56
111,137
111,187
111,268
111,417
112,21
112,44
112,157
112,239
112,293
112,346
112,409
113,17
113,64
113,122
113,151
113,167
113,237
113,306
113,452
114,5
114,15
114,52
114,168
114,239
114,354
114,410
115,64
115,199
115,349
115,362
115,368
115,409
116,58
116,158
116,282
116,322
116,361
116,405
117,123
117,175
117,195
117,248
117,362
117,396
118,22
118,85
118,159
118,245
118,332
118,347
118,415
119,18
119,45
119,176
119,247
119,265
119,342
119,396
120,96
120,122
120,137
120,141
120,161
120,226
120,452
121,19
121,40
121,64
121,172
121,208
121,233
121,307
121,413
122,43
122,162
122,227
122,282
122,283
122,301
122,304
122,323
122,412
123,52
123,74
123,135
123,177
123,241
123,275
123,410
124,23
124,42
124,145
124,163
124,225
124,292
124,413
125,53
125,68
125,155
125,242
125,296
125,363
125,412
126,44
126,127
126,165
126,238
126,281
126,320
126,415
127,6
127,14
127,46
127,173
127,196
127,226
127,413
128,57
128,66
128,169
128,282
128,321
128,396
129,42
129,188
129,304
129,324
129,412
130,53
130,62
130,95
130,199
130,259
130,398
131,73
131,104
131,129
131,178
131,229
131,295
131,410
132,24
132,40
132,171
132,237
132,304
132,382
132,412
133,174
133,198
133,234
133,315
133,370
133,383
133,409
134,63
134,90
134,151
134,194
134,291
134,382
134,401
135,5
135,77
135,180
135,209
135,231
135,345
135,416
136,35
136,90
136,182
136,249
136,315
136,396
137,20
137,179
137,226
137,269
137,305
137,348
137,416
138,21
138,45
138,139
138,183
138,236
138,283
138,416
139,64
139,141
139,184
139,210
139,232
139,233
139,308
139,369
139,409
140,67
140,186
140,248
140,266
140,296
140,352
140,396
141,15
141,41
141,185
141,228
141,297
141,314
141,389
142,16
142,187
142,246
142,267
142,305
142,349
142,415
143,37
143,87
143,130
143,132
143,412
144,34
144,153
144,197
144,221
144,363
144,372
144,394
145,68
145,188
145,247
145,304
145,324
145,388
146,44
146,160
146,227
146,281
146,325
146,344
146,404
147,22
147,35
147,82
147,154
147,223
147,346
147,391
148,105
148,157
148,211
148,230
148,347
148,368
148,382
148,409
149,6
149,52
149,82
149,83
149,176
149,214
149,373
149,412
150,18
150,45
150,61
150,292
150,322
150,389
151,5
151,17
151,40
151,181
151,243
151,293
151,408
152,172
152,219
152,304
152,305
152,323
152,408
153,83
153,142
153,155
153,198
153,215
153,315
153,395
154,140
154,156
154,225
154,306
154,348
154,374
154,409
155,17
155,23
155,43
155,139
155,179
155,229
155,283
155,389
155,414
156,63
156,94
156,104
156,258
156,312
156,409
157,84
157,130
157,177
157,207
157,222
157,370
157,382
157,399
158,36
158,145
158,158
158,229
158,282
158,324
158,390
159,34
159,142
159,166
159,251
159,256
159,398
160,64
160,131
160,195
160,257
160,314
160,382
160,398
161,11
161,66
161,140
161,185
161,221
161,295
161,411
162,62
162,81
162,144
162,196
162,259
162,395
163,19
163,41
163,61
163,94
163,198
163,416
164,96
164,142
164,163
164,199
164,216
164,258
164,411
165,20
165,42
165,130
165,178
165,235
165,293
165,416
166,16
166,33
166,167
166,252
166,307
166,390
167,43
167,64
167,304
167,320
167,403
168,74
168,123
168,141
168,162
168,231
168,295
168,388
169,14
169,58
169,135
169,164
169,250
169,401
170,6
170,141
170,173
170,240
170,263
170,341
170,402
171,35
171,165
171,224
171,308
171,329
171,368
171,386
172,62
172,102
172,195
172,291
172,315
172,401
173,139
173,168
173,242
173,306
173,345
173,373
173,389
174,101
174,137
174,143
174,169
174,248
174,417
175,63
175,105
175,197
175,267
175,313
175,382
175,395
176,21
176,46
176,159
176,223
176,266
176,350
176,403
177,15
177,44
177,64
177,142
177,268
177,403
178,57
178,67
178,170
178,282
178,321
178,405
179,17
179,46
179,90
179,171
179,194
179,401
180,7
180,153
180,200
180,210
180,217
180,367
180,407
181,95
181,142
181,155
181,199
181,218
181,269
181,411
182,63
182,78
182,257
182,312
182,351
182,394
183,61
183,196
183,282
183,300
183,322
183,388
184,22
184,41
184,174
184,232
184,265
184,325
184,382
184,391
185,23
185,62
185,85
185,292
185,352
185,397
186,33
186,123
186,140
186,166
186,218
186,307
186,391
187,96
187,103
187,180
187,195
187,243
187,361
187,409
188,134
188,184
188,219
188,274
188,330
188,343
188,410
189,36
189,145
189,175
189,216
189,313
189,344
189,395
190,34
190,64
190,144
190,172
190,219
190,266
190,388
191,35
191,77
191,82
191,144
191,185
191,215
191,387
192,154
192,200
192,244
192,362
192,371
192,409
193,19
193,142
193,183
193,223
193,224
193,314
193,369
193,395
194,137
194,143
194,186
194,194
194,249
194,417
195,22
195,40
195,151
195,160
195,238
195,281
195,382
195,403
196,33
196,141
196,187
196,241
196,342
196,384
196,400
197,83
197,90
197,161
197,252
197,256
197,398
198,34
198,139
198,167
198,251
198,374
198,417
199,35
199,56
199,140
199,188
199,308
199,386
200,61
200,89
200,141
200,198
200,315
200,382
200,401
201,20
201,139
201,163
201,211
201,216
201,269
201,416
202,58
202,156
202,281
202,299
202,323
202,388
203,21
203,42
203,62
203,199
203,283
203,389
204,3
204,94
204,179
204,207
204,220
204,268
204,400
205,17
205,63
205,281
205,320
205,333
205,408
206,122
206,137
206,172
206,245
206,313
206,369
206,382
206,452
207,14
207,44
207,162
207,223
207,283
207,324
207,389
208,36
208,142
208,157
208,250
208,259
208,398
209,24
209,78
209,159
209,234
209,267
209,349
209,410
210,56
210,63
210,304
210,304
210,323
210,405
211,84
211,131
211,181
211,226
211,312
211,373
211,394
212,85
212,130
212,143
212,169
212,228
212,273
212,399
213,4
213,23
213,43
213,64
213,158
213,235
213,353
213,403
214,42
214,183
214,244
214,300
214,304
214,321
214,389
215,1
215,34
215,45
215,145
215,166
215,218
215,411
216,84
216,135
216,178
216,242
216,263
216,387
217,58
217,173
217,274
217,283
217,323
217,388
218,1
218,34
218,177
218,186
218,246
218,297
218,308
218,404
219,171
219,237
219,256
219,304
219,324
219,382
219,390
220,15
220,46
220,174
220,218
220,290
220,322
220,350
220,388
221,90
221,101
221,182
221,197
221,239
221,293
221,382
221,388
222,104
222,175
222,208
222,240
222,334
222,347
222,387
223,16
223,153
223,200
223,241
223,351
223,370
223,389
224,57
224,105
224,126
224,179
224,348
224,397
225,17
225,40
225,180
225,222
225,281
225,325
225,382
225,416
226,18
226,81
226,176
226,194
226,243
226,354
226,409
227,19
227,41
227,95
227,184
227,224
227,297
227,389
228,145
228,166
228,251
228,296
228,320
228,405
229,53
229,165
229,215
229,315
229,368
229,412
230,35
230,56
230,127
230,181
230,289
230,322
230,396
231,22
231,43
231,131
231,185
231,247
231,352
231,397
232,41
232,61
232,82
232,197
232,258
232,398
233,11
233,144
233,153
233,159
233,175
233,252
233,312
233,382
233,388
234,83
234,130
234,186
234,198
234,219
234,344
234,399
235,14
235,137
235,187
235,231
235,347
235,369
235,417
236,85
236,144
236,160
236,223
236,273
236,371
236,411
237,20
237,44
237,188
237,246
237,345
237,389
238,96
238,154
238,195
238,210
238,221
238,372
238,411
239,58
239,167
239,248
239,346
239,374
239,396
240,93
240,161
240,187
240,245
240,312
240,329
240,381
240,414
241,23
241,81
241,157
241,214
241,291
241,371
241,404
242,1
242,11
242,172
242,251
242,383
242,415
243,155
243,225
243,349
243,363
243,370
243,397
244,1
244,36
244,89
244,163
244,216
244,268
244,390
245,35
245,162
245,217
245,269
245,305
245,314
245,404
246,74
246,141
246,173
246,247
246,295
246,299
246,411
247,84
247,156
247,220
247,275
247,366
247,374
247,414
247,415
248,82
248,123
248,143
248,158
248,230
248,368
248,452
249,33
249,168
249,249
249,267
249,324
249,405
250,40
250,140
250,169
250,229
250,290
250,307
250,325
250,403
251,33
251,89
251,165
251,196
251,224
251,350
251,401
252,57
252,126
252,177
252,295
252,323
252,408
253,21
253,45
253,64
253,139
253,313
253,403
254,174
254,208
254,233
254,308
254,344
254,370
254,403
255,68
255,90
255,142
255,159
255,214
255,342
255,401
256,24
256,42
256,122
256,175
256,226
256,351
256,452
257,62
257,83
257,195
257,257
257,352
257,398
258,176
258,200
258,250
258,345
258,384
258,402
259,56
259,143
259,178
259,196
259,252
259,405
260,36
260,170
260,248
260,296
260,371
260,396
261,179
261,199
261,242
261,274
261,305
261,343
261,392
262,122
262,137
262,143
262,171
262,195
262,228
262,382
262,452
263,43
263,58
263,160
263,282
263,320
263,389
263,414
264,3
264,66
264,77
264,85
264,154
264,180
264,222
264,392
265,181
265,249
265,292
265,348
265,353
265,409
266,153
266,159
266,215
266,366
266,367
266,369
266,370
266,384
266,407
267,18
267,182
267,234
267,306
267,354
267,383
267,416
268,16
268,141
268,183
268,211
268,225
268,373
268,391
269,66
269,81
269,141
269,175
269,220
269,273
269,392
270,145
270,161
270,221
270,331
270,361
270,372
270,411
271,57
271,82
271,172
271,265
271,374
271,396
272,44
272,185
272,195
272,219
272,265
272,348
272,398
273,20
273,186
273,207
273,222
273,266
273,369
273,408
274,77
274,84
274,187
274,243
274,274
274,343
274,392
275,134
275,157
275,227
275,275
275,362
275,363
275,368
275,395
276,144
276,154
276,250
276,259
276,371
276,398
277,17
277,63
277,144
277,291
277,349
277,416
278,94
278,155
278,223
278,291
278,333
278,346
278,418
279,156
279,230
279,283
279,314
279,322
279,347
279,394
280,131
280,158
280,214
280,258
280,352
280,373
280,399
281,33
281,140
281,166
281,218
281,307
281,353
281,397
282,1
282,34
282,188
282,221
282,297
282,372
282,388
283,22
283,139
283,163
283,209
283,216
283,292
283,391
284,143
284,159
284,220
284,354
284,370
284,383
284,397
285,35
285,73
285,164
285,198
285,224
285,312
285,392
286,6
286,145
286,169
286,217
286,341
286,366
286,407
287,92
287,129
287,162
287,222
287,264
287,329
287,414
288,19
288,104
288,165
288,210
288,215
288,350
288,415
289,36
289,167
289,207
289,218
289,374
289,382
289,400
290,123
290,142
290,168
290,215
290,218
290,223
290,366
290,384
290,399
291,73
291,173
291,200
291,217
291,273
291,333
291,418
292,105
292,130
292,142
292,171
292,238
292,372
292,387
293,93
293,183
293,214
293,332
293,370
293,410
294,21
294,40
294,160
294,244
294,334
294,348
294,418
295,64
295,140
295,177
295,196
295,246
295,256
295,289
295,324
295,382
295,398
296,52
296,184
296,244
296,314
296,344
296,371
296,412
297,3
297,35
297,78
297,179
297,220
297,330
297,400
298,14
298,140
298,174
298,237
298,293
298,314
298,388
299,33
299,141
299,176
299,249
299,308
299,394
300,23
300,83
300,185
300,240
300,312
300,345
300,382
300,395
301,95
301,102
301,186
301,199
301,239
301,265
301,346
301,388
302,16
302,45
302,61
302,196
302,292
302,416
303,18
303,178
303,252
303,305
303,383
303,386
304,94
304,101
304,155
304,198
304,215
304,353
304,387
305,15
305,180
305,195
305,231
305,269
305,306
305,399
306,85
306,130
306,156
306,219
306,267
306,347
306,399
307,56
307,126
307,151
307,181
307,290
307,322
307,405
308,36
308,81
308,157
308,197
308,217
308,373
308,390
309,24
309,82
309,144
309,158
309,227
309,352
309,418
310,58
310,127
310,162
310,248
310,291
310,405
311,33
311,73
311,182
311,200
311,221
311,297
311,392
312,131
312,172
312,215
312,304
312,325
312,399
313,19
313,95
313,187
313,223
313,296
313,344
313,408
314,20
314,57
314,92
314,166
314,452
315,17
315,83
315,173
315,225
315,307
315,353
315,402
316,90
316,151
316,163
316,194
316,238
316,292
316,401
317,11
317,89
317,139
317,188
317,245
317,382
317,383
317,384
317,386
318,21
318,41
318,167
318,234
318,351
318,363
318,406
319,127
319,142
319,164
319,226
319,291
319,314
319,405
320,23
320,62
320,103
320,257
320,293
320,398
321,67
321,177
321,241
321,273
321,347
321,369
321,412
322,42
322,126
322,165
322,198
322,247
322,295
322,404
323,56
323,105
323,171
323,407
324,14
324,63
324,94
324,195
324,293
324,401
325,66
325,104
325,175
325,208
325,235
325,348
325,400
326,102
326,178
326,209
326,236
326,259
326,262
326,389
327,61
327,89
327,105
327,304
327,323
327,352
327,401
328,62
328,96
328,199
328,313
328,361
328,367
328,407
329,24
329,84
329,169
329,211
329,228
329,346
329,391
330,140
330,182
330,250
330,308
330,349
330,397
331,145
331,170
331,237
331,257
331,304
331,401
332,95
332,183
332,197
332,239
332,293
332,320
332,408
333,16
333,43
333,64
333,265
333,351
333,402
334,94
334,160
334,251
334,331
334,354
334,405
335,66
335,77
335,96
335,101
335,176
335,214
335,387
336,5
336,145
336,180
336,243
336,262
336,313
336,369
336,395
337,93
337,135
337,176
337,248
337,274
337,394
338,17
338,64
338,66
338,179
338,245
338,353
338,406
339,77
339,85
339,181
339,296
339,389
340,6
340,33
340,81
340,166
340,199
340,240
340,390
341,15
341,161
341,252
341,266
341,306
341,405
342,184
342,241
342,282
342,312
342,323
342,362
342,397
343,1
343,64
343,210
343,250
343,268
343,304
343,401
344,58
344,126
344,153
344,282
344,299
344,414
344,415
345,103
345,162
345,238
345,281
345,301
345,321
345,408
346,67
346,92
346,186
346,242
346,263
346,343
346,405
347,40
347,163
347,244
347,283
347,314
347,324
347,408
348,134
348,164
348,196
348,252
348,265
348,412
349,82
349,143
349,165
349,194
349,221
349,315
349,399
350,64
350,102
350,155
350,234
350,259
350,350
350,390
351,18
351,44
351,63
351,151
351,312
351,395
352,19
352,188
352,246
352,308
352,332
352,344
352,418
353,53
353,167
353,194
353,227
353,258
353,269
353,412
354,14
354,41
354,66
354,123
354,168
354,237
354,391
355,35
355,154
355,179
355,208
355,230
355,232
355,330
355,333
355,370
355,394
356,22
356,185
356,233
356,292
356,305
356,345
356,404
357,68
357,78
357,84
357,184
357,233
357,331
357,333
357,407
357,414
358,135
358,157
358,198
358,236
358,297
358,368
358,387
359,64
359,95
359,130
359,131
359,199
359,381
359,407
360,23
360,84
360,169
360,207
360,247
360,346
360,397
361,85
361,134
361,170
361,229
361,273
361,371
361,395
362,74
362,173
362,216
362,259
362,341
362,398
363,20
363,45
363,156
363,235
363,293
363,348
363,412
364,46
364,158
364,197
364,223
364,266
364,334
364,389
365,96
365,159
365,209
365,244
365,351
365,361
365,452
366,21
366,171
366,226
366,305
366,362
366,373
366,394
367,180
367,230
367,232
367,262
367,264
367,342
367,372
367,405
368,1
368,172
368,187
368,249
368,258
368,297
368,398
369,34
369,123
369,126
369,182
369,239
369,267
369,382
369,452
370,94
370,135
370,183
370,217
370,330
370,362
370,402
371,57
371,127
371,177
371,281
371,320
371,404
372,56
372,182
372,300
372,304
372,323
372,412
373,73
373,143
373,175
373,222
373,295
373,325
373,417
374,68
374,104
374,134
374,174
374,228
374,369
374,400
375,52
375,64
375,67
375,186
375,231
375,347
375,402
376,135
376,176
376,229
376,262
376,274
376,412
377,1
377,11
377,160
377,252
377,384
377,401
378,24
378,43
378,179
378,220
378,291
378,321
378,408
379,93
379,214
379,263
379,264
379,414
380,131
380,151
380,157
380,219
380,301
380,368
380,407
381,44
381,64
381,82
381,130
381,199
381,390
382,73
382,90
382,164
382,240
382,265
382,363
382,401
383,15
383,166
383,232
383,269
383,307
383,345
383,416
384,16
384,95
384,153
384,210
384,218
384,354
384,391
385,33
385,66
385,81
385,178
385,243
385,352
385,390
386,40
386,64
386,90
386,195
386,313
386,382
386,416
387,11
387,96
387,101
387,172
387,221
387,341
387,382
387,390
388,1
388,34
388,181
388,242
388,283
388,324
388,408
389,42
389,154
389,200
389,241
389,282
389,322
389,402
390,163
390,211
390,216
390,344
390,361
390,374
390,394
391,34
391,64
391,94
391,305
391,362
391,405
392,184
392,208
392,233
392,314
392,349
392,370
392,406
393,92
393,161
393,222
393,315
393,329
393,371
393,414
394,58
394,185
394,248
394,266
394,346
394,405
395,89
395,162
395,180
395,196
395,245
395,256
395,354
395,401
396,34
396,63
396,122
396,141
396,306
396,418
397,35
397,139
397,155
397,186
397,238
397,296
397,416
398,41
398,53
398,105
398,144
398,156
398,234
398,412
399,1
399,57
399,127
399,167
399,251
399,405
400,46
400,144
400,168
400,236
400,281
400,320
400,413
401,1
401,43
401,187
401,246
401,267
401,313
401,395
402,103
402,161
402,188
402,207
402,230
402,259
402,350
402,391
403,56
403,93
403,135
403,170
403,187
403,296
403,406
404,46
404,52
404,61
404,66
404,291
404,413
405,18
405,126
405,177
405,221
405,289
405,299
405,321
405,418
406,179
406,221
406,313
406,331
406,373
406,383
406,386
407,35
407,62
407,90
407,268
407,353
407,401
408,4
408,36
408,170
408,199
408,227
408,349
408,390
409,34
409,58
409,127
409,171
409,295
409,405
410,183
410,198
410,237
410,296
410,312
410,332
410,418
411,20
411,44
411,83
411,158
411,225
411,354
411,406
412,7
412,53
412,85
412,178
412,194
412,239
412,400
413,57
413,92
413,173
413,343
413,401
414,19
414,104
414,153
414,210
414,235
414,351
414,406
415,102
415,161
415,196
415,226
415,301
415,330
415,418
416,42
416,174
416,240
416,256
416,315
416,350
416,395
417,134
417,139
417,185
417,197
417,247
417,348
417,402
418,52
418,82
418,179
418,242
418,361
418,374
418,402
419,16
419,45
419,61
419,291
419,300
419,382
419,404
420,24
420,154
420,211
420,238
420,257
420,352
420,413
421,7
421,81
421,180
421,250
421,297
421,400
422,64
422,186
422,208
422,246
422,351
422,371
422,386
423,134
423,175
423,200
423,228
423,312
423,345
423,395
424,21
424,187
424,195
424,251
424,344
424,386
425,123
425,160
425,248
425,266
425,307
425,391
426,67
426,188
426,207
426,241
426,347
426,383
426,397
427,157
427,244
427,313
427,349
427,368
427,395
428,66
428,176
428,243
428,299
428,312
428,348
428,400
429,105
429,162
429,196
429,245
429,262
429,332
429,362
429,418
430,34
430,134
430,167
430,237
430,259
430,331
430,418
431,101
431,156
431,210
431,225
431,334
431,353
431,402
432,33
432,181
432,249
432,266
432,306
432,396
433,175
433,250
433,273
433,315
433,369
433,405
434,166
434,244
434,262
434,332
434,342
434,350
434,418
435,11
435,158
435,252
435,258
435,352
435,405
436,53
436,95
436,140
436,168
436,239
436,330
436,402
437,41
437,56
437,93
437,172
437,396
438,40
438,64
438,67
438,143
438,291
438,413
439,11
439,103
439,159
439,234
439,373
439,381
439,407
440,52
440,96
440,169
440,197
440,229
440,351
440,412
441,66
441,170
441,243
441,274
441,341
441,374
441,400
442,5
442,83
442,163
442,236
442,344
442,363
442,382
442,402
443,22
443,104
443,171
443,207
443,232
443,345
443,391
444,105
444,176
444,228
444,256
444,267
444,346
444,408
445,17
445,102
445,180
445,225
445,353
445,372
445,402
446,183
446,244
446,262
446,274
446,350
446,371
446,397
447,77
447,134
447,163
447,240
447,264
447,275
447,390
448,58
448,127
448,290
448,320
448,382
448,396
449,6
449,78
449,165
449,241
449,264
449,341
449,390
450,141
450,153
450,197
450,235
450,269
450,314
450,395
451,94
451,103
451,131
451,154
451,234
451,351
451,408
452,127
452,137
452,141
452,160
452,231
452,290
452,321
452,405
453,104
453,178
453,196
453,242
453,257
453,368
453,389
454,24
454,44
454,155
454,245
454,347
454,361
454,389
455,4
455,53
455,85
455,156
455,211
455,235
455,400
456,3
456,23
456,43
456,184
456,226
456,265
456,412
457,101
457,179
457,248
457,291
457,300
457,404
458,14
458,46
458,161
458,236
458,289
458,324
458,348
458,389
459,35
459,105
459,144
459,162
459,237
459,273
459,397
460,15
460,166
460,208
460,239
460,269
460,306
460,412
461,20
461,141
461,178
461,207
461,242
461,369
461,416
462,157
462,220
462,259
462,352
462,370
462,452
463,142
463,158
463,209
463,244
463,373
463,384
463,386
464,45
464,159
464,249
464,282
464,325
464,413
465,52
465,56
465,123
465,167
465,186
465,406
466,84
466,167
466,211
466,229
466,374
466,408
467,16
467,40
467,185
467,247
467,267
467,381
467,407
468,81
468,173
468,200
468,240
468,262
468,343
468,394
469,95
469,168
469,218
469,256
469,345
469,363
469,397
470,142
470,187
470,245
470,258
470,265
470,369
470,382
470,394
471,4
471,22
471,43
471,188
471,246
471,344
471,410
472,169
472,194
472,243
472,257
472,315
472,346
472,382
472,387
473,57
473,74
473,174
473,250
473,268
473,412
474,68
474,74
474,177
474,241
474,296
474,323
474,412
475,20
475,41
475,182
475,247
475,266
475,362
475,389
476,18
476,43
476,62
476,96
476,267
476,382
476,412
477,17
477,46
477,172
477,251
477,275
477,389
478,1
478,52
478,171
478,222
478,297
478,363
478,415
479,53
479,104
479,183
479,208
479,225
479,362
479,412
480,33
480,165
480,227
480,307
480,370
480,386
481,19
481,102
481,163
481,234
481,308
481,368
481,386
482,7
482,66
482,130
482,175
482,238
482,354
482,400
483,89
483,105
483,180
483,207
483,236
483,372
483,395
484,7
484,66
484,101
484,176
484,200
484,235
484,410
485,94
485,103
485,184
485,195
485,215
485,314
485,415
486,64
486,104
486,105
486,179
486,242
486,266
486,273
486,349
486,382
486,412
487,73
487,153
487,226
487,283
487,324
487,350
487,402
488,7
488,67
488,186
488,231
488,342
488,370
488,392
489,58
489,154
489,252
489,268
489,371
489,407
490,145
490,166
490,248
490,383
490,384
490,407
491,36
491,155
491,210
491,223
491,347
491,373
491,397
492,18
492,92
492,181
492,249
492,306
492,386
493,82
493,160
493,197
493,243
493,265
493,315
493,399
494,64
494,74
494,92
494,167
494,252
494,296
494,392
495,77
495,83
495,156
495,220
495,274
495,374
495,394
496,104
496,158
496,198
496,230
496,263
496,329
496,414
497,14
497,45
497,161
497,219
497,269
497,348
497,408
498,16
498,122
498,137
498,143
498,168
498,228
498,382
498,417
499,56
499,126
499,169
499,268
499,322
499,412
500,90
500,188
500,196
500,224
500,257
500,312
500,401
501,66
501,145
501,170
501,248
501,369
501,400
502,33
502,172
502,195
502,229
502,307
502,373
502,413
503,129
503,193
503,222
503,264
503,329
503,414
504,17
504,40
504,67
504,173
504,240
504,347
504,416
505,23
505,42
505,174
505,194
505,230
505,345
505,416
506,22
506,43
506,162
506,237
506,282
506,320
506,403
507,11
507,105
507,164
507,227
507,273
507,334
507,382
507,418
508,15
508,44
508,123
508,171
508,232
508,346
508,397
509,58
509,140
509,175
509,282
509,283
509,321
509,415
510,104
510,134
510,159
510,239
510,263
510,332
510,411
511,20
511,165
511,216
511,331
511,343
511,353
511,403
512,64
512,139
512,184
512,208
512,251
512,371
512,411
513,21
513,182
513,196
513,233
513,333
513,344
513,382
513,418
514,68
514,73
514,137
514,177
514,252
514,417
515,176
515,226
515,273
515,334
515,343
515,354
515,398
516,23
516,40
516,64
516,64
516,195
516,292
516,382
516,416
517,46
517,183
517,219
517,313
517,330
517,351
517,413
518,43
518,57
518,178
518,282
518,323
518,400
519,102
519,140
519,185
519,217
519,314
519,331
519,398
520,41
520,74
520,166
520,231
520,283
520,320
520,412
521,68
521,74
521,173
521,246
521,274
521,343
521,410
522,102
522,183
522,214
522,224
522,304
522,330
522,412
523,66
523,103
523,180
523,246
523,275
523,341
523,400
524,101
524,155
524,178
524,197
524,225
524,259
524,275
524,382
524,397
525,14
525,102
525,166
525,195
525,218
525,301
525,412
526,153
526,200
526,227
526,258
526,352
526,371
526,397
527,5
527,24
527,42
527,181
527,199
527,220
527,400
528,67
528,187
528,231
528,275
528,342
528,344
528,387
529,66
529,73
529,175
529,176
529,245
529,283
529,320
529,382
529,410
530,73
530,164
530,238
530,243
530,282
530,300
530,320
530,412
531,44
531,154
531,196
531,234
531,281
531,325
531,413
532,15
532,45
532,63
532,281
532,322
532,382
532,416
533,1
533,34
533,188
533,251
533,257
533,417
534,22
534,40
534,142
534,162
534,228
534,269
534,382
534,411
535,23
535,24
535,131
535,163
535,173
535,236
535,240
535,304
535,305
535,416
536,16
536,46
536,167
536,218
536,223
536,265
536,334
536,413
537,17
537,137
537,143
537,168
537,207
537,229
537,417
538,18
538,41
538,92
538,137
538,172
538,231
538,382
538,417
539,24
539,42
539,156
539,235
539,267
539,324
539,403
540,14
540,43
540,64
540,131
540,184
540,233
540,304
540,417
541,46
541,122
541,137
541,165
541,226
541,232
541,289
541,290
541,323
541,324
541,403
542,93
542,157
542,230
542,268
542,325
542,329
542,414
543,19
543,173
543,224
543,304
543,341
543,410
544,35
544,78
544,105
544,158
544,225
544,351
544,397
545,16
545,44
545,169
545,217
545,292
545,315
545,382
545,388
546,15
546,123
546,141
546,179
546,242
546,306
546,417
547,20
547,45
547,182
547,247
547,266
547,291
547,331
547,413
548,41
548,122
548,144
548,170
548,228
548,281
548,403
549,67
549,68
549,73
549,92
549,93
549,172
549,252
549,410
550,22
550,81
550,171
550,237
550,332
550,344
550,412
551,36
551,82
551,159
551,197
551,232
551,345
551,409
552,137
552,139
552,174
552,226
552,282
552,283
552,323
552,382
552,412
553,17
553,19
553,68
553,172
553,230
553,304
553,410
554,103
554,177
554,229
554,274
554,312
554,361
554,387
555,18
555,66
555,176
555,244
555,346
555,374
555,402
556,4
556,77
556,183
556,210
556,239
556,269
556,382
556,399
557,40
557,101
557,166
557,198
557,252
557,413
558,19
558,41
558,102
558,185
558,230
558,265
558,308
558,417
559,92
559,129
559,193
559,221
559,329
559,414
560,83
560,161
560,194
560,226
560,301
560,349
560,402
561,56
561,144
561,186
561,297
561,322
561,413
562,33
562,187
562,209
562,230
562,369
562,384
562,386
563,34
563,93
563,188
563,210
563,248
563,401
564,142
564,153
564,246
564,268
564,275
564,334
564,396
565,145
565,154
565,196
565,211
565,214
565,383
565,386
566,21
566,155
566,211
566,249
566,396
567,20
567,42
567,58
567,160
567,330
567,396
568,43
568,156
568,250
568,304
568,386
569,14
569,64
569,81
569,137
569,172
569,196
569,224
569,382
569,417
570,21
570,122
570,168
570,249
570,321
570,325
570,388
571,139
571,162
571,200
571,251
571,381
571,407
572,15
572,44
572,140
572,169
572,241
572,293
572,413
573,170
573,188
573,209
573,217
573,224
573,256
573,307
573,366
573,407
574,101
574,180
574,197
574,245
574,262
574,264
574,372
574,452
575,84
575,130
575,135
575,171
575,228
575,330
575,399
576,137
576,143
576,163
576,247
576,295
576,417
577,68
577,137
577,141
577,157
577,208
577,231
577,417
578,11
578,178
578,252
578,274
578,295
578,382
578,388
579,16
579,45
579,103
579,123
579,158
579,238
579,413
580,23
580,164
580,207
580,216
580,347
580,409
581,11
581,64
581,105
581,181
581,249
581,396
582,68
582,74
582,104
582,140
582,159
582,234
582,400
583,22
583,142
583,182
583,296
583,396
584,96
584,131
584,153
584,232
584,304
584,381
584,382
584,399
585,81
585,182
585,245
585,301
585,312
585,381
585,407
586,52
586,89
586,183
586,200
586,229
586,314
586,412
587,18
587,41
587,122
587,173
587,219
587,308
587,416
588,17
588,67
588,174
588,240
588,266
588,320
588,403
589,5
589,105
589,178
589,231
589,342
589,348
589,410
590,84
590,154
590,198
590,227
590,353
590,370
590,397
591,40
591,130
591,179
591,220
591,282
591,300
591,399
592,1
592,144
592,161
592,226
592,297
592,363
592,412
593,6
593,175
593,233
593,263
593,275
593,341
593,414
593,452
594,64
594,102
594,155
594,211
594,215
594,373
594,386
595,20
595,42
595,139
595,160
595,236
595,267
595,382
595,407
596,64
596,93
596,193
596,214
596,329
596,414
597,129
597,156
597,223
597,263
597,264
597,275
597,384
597,386
597,414
598,19
598,44
598,186
598,194
598,246
598,381
598,382
598,407
599,23
599,141
599,176
599,227
599,315
599,408
600,74
600,140
600,166
600,248
600,269
600,395
601,21
601,56
601,184
601,266
601,296
601,350
601,388
602,58
602,101
602,145
602,157
602,371
602,411
603,103
603,143
603,162
603,221
603,344
603,374
603,411
604,14
604,134
604,163
604,237
604,283
604,324
604,408
605,6
605,82
605,164
605,219
605,344
605,363
605,418
606,104
606,143
606,181
606,220
606,273
606,313
606,406
607,105
607,142
607,167
607,239
607,265
607,322
607,382
607,408
608,164
608,168
608,210
608,216
608,224
608,274
608,301
608,330
608,418
609,22
609,145
609,165
609,250
609,295
609,404
610,3
610,53
610,68
610,185
610,233
610,351
610,392
611,43
611,159
611,244
611,304
611,325
611,382
611,404
612,90
612,168
612,195
612,245
612,292
612,312
612,415
613,102
613,144
613,187
613,227
613,352
613,368
613,411
614,16
614,45
614,77
614,188
614,215
614,349
614,406
615,18
615,40
615,64
615,172
615,241
615,258
615,299
615,406
616,141
616,174
616,251
616,269
616,321
616,392
617,92
617,414
618,103
618,143
618,169
618,219
618,256
618,383
618,386
619,139
619,174
619,196
619,223
619,314
619,369
619,411
620,23
620,46
620,182
620,234
620,281
620,323
620,406
621,52
621,83
621,183
621,198
621,225
621,371
621,394
622,53
622,153
622,199
622,214
622,362
622,370
622,411
623,19
623,64
623,180
623,242
623,295
623,306
623,413
624,15
624,52
624,176
624,179
624,220
624,347
624,373
624,452
625,7
625,66
625,73
625,171
625,221
625,363
625,392
626,17
626,42
626,177
626,243
626,283
626,324
626,403
627,89
627,170
627,229
627,315
627,362
627,415
628,134
628,166
628,217
628,300
628,331
628,342
628,418
629,64
629,101
629,181
629,209
629,215
629,374
629,406
630,92
630,193
630,219
630,264
630,329
630,414
631,35
631,144
631,154
631,232
631,343
631,345
631,353
631,413
632,14
632,53
632,123
632,160
632,229
632,333
632,394
633,24
633,34
633,64
633,167
633,207
633,218
633,307
633,403
634,163
634,210
634,215
634,354
634,368
634,384
634,386
635,103
635,104
635,155
635,216
635,275
635,301
635,332
635,390
635,418
636,22
636,84
636,184
636,233
636,305
636,313
636,395
637,53
637,186
637,225
637,296
637,334
637,370
637,404
638,33
638,57
638,168
638,293
638,333
638,382
638,418
639,67
639,77
639,187
639,231
639,263
639,329
639,414
640,18
640,41
640,137
640,145
640,156
640,215
640,224
640,406
641,85
641,157
641,226
641,257
641,352
641,372
641,398
642,81
642,188
642,211
642,223
642,329
642,371
642,406
643,93
643,169
643,207
643,217
643,373
643,383
643,386
644,82
644,174
644,240
644,299
644,334
644,344
644,418
645,92
645,193
645,220
645,264
645,329
645,414
646,145
646,164
646,194
646,216
646,267
646,361
646,404
647,7
647,52
647,158
647,214
647,258
647,264
647,411
648,68
648,143
648,178
648,221
648,275
648,363
648,392
649,159
649,186
649,193
649,229
649,330
649,331
649,349
649,372
649,415
650,140
650,170
650,238
650,273
650,300
650,333
650,392
651,77
651,161
651,210
651,227
651,329
651,374
651,411
651,414
652,4
652,92
652,162
652,210
652,218
652,384
652,415
653,53
653,103
653,135
653,171
653,236
653,330
653,418
654,64
654,90
654,142
654,165
654,235
654,266
654,325
654,382
654,413
655,66
655,105
655,141
655,175
655,222
655,341
655,392
656,36
656,142
656,182
656,216
656,269
656,305
656,411
657,33
657,66
657,176
657,247
657,268
657,342
657,404
658,64
658,127
658,174
658,237
658,304
658,321
658,404
659,5
659,7
659,74
659,123
659,157
659,177
659,228
659,274
659,452
660,15
660,44
660,145
660,183
660,239
660,292
660,389
661,143
661,178
661,252
661,312
661,369
661,386
662,135
662,160
662,197
662,215
662,347
662,368
662,407
663,20
663,64
663,96
663,161
663,198
663,238
663,265
663,391
664,102
664,154
664,209
664,232
664,351
664,373
664,410
665,62
665,68
665,94
665,130
665,315
665,367
665,395
666,3
666,53
666,95
666,156
666,225
666,374
666,410
667,45
667,89
667,186
667,246
667,282
667,322
667,411
668,17
668,63
668,122
668,257
668,301
668,398
669,84
669,180
669,231
669,299
669,331
669,343
669,418
670,172
670,207
670,219
670,264
670,370
670,391
671,23
671,83
671,123
671,139
671,162
671,227
671,452
672,19
672,34
672,74
672,122
672,184
672,224
672,452
673,21
673,36
673,83
673,163
673,183
673,227
673,256
673,390
674,101
674,181
674,225
674,332
674,353
674,372
674,394
675,63
675,258
675,312
675,348
675,395
676,6
676,85
676,157
676,214
676,370
676,391
677,20
677,33
677,78
677,96
677,164
677,242
677,391
678,5
678,81
678,139
678,185
678,209
678,233
678,410
679,24
679,95
679,158
679,175
679,235
679,240
679,295
679,352
679,391
680,4
680,66
680,96
680,165
680,194
680,243
680,400
681,94
681,103
681,167
681,226
681,363
681,368
681,394
682,44
682,56
682,187
682,297
682,403
683,131
683,151
683,159
683,244
683,292
683,367
683,382
683,407
684,16
684,40
684,42
684,67
684,188
684,224
684,268
684,389
685,52
685,173
685,196
685,215
685,307
685,373
685,416
686,73
686,84
686,168
686,244
686,247
686,314
686,374
686,395
687,33
687,74
687,177
687,241
687,347
687,383
687,390
688,22
688,42
688,62
688,292
688,299
688,403
689,3
689,66
689,123
689,171
689,194
689,237
689,452
690,53
690,104
690,144
690,182
690,218
690,345
690,412
691,4
691,137
691,170
691,215
691,352
691,368
691,410
692,83
692,183
692,233
692,308
692,361
692,369
692,394
693,34
693,67
693,174
693,231
693,256
693,370
693,382
693,394
694,3
694,68
694,95
694,184
694,229
694,371
694,394
695,34
695,161
695,174
695,219
695,344
695,362
695,374
695,392
696,35
696,122
696,180
696,249
696,372
696,452
697,18
697,40
697,179
697,227
697,269
697,306
697,413
698,21
698,141
698,185
698,223
698,350
698,369
698,411
699,34
699,105
699,134
699,173
699,219
699,343
699,394
700,14
700,43
700,151
700,166
700,232
700,304
700,382
700,412
701,7
701,81
701,123
701,153
701,239
701,334
701,400
702,58
702,127
702,154
702,266
702,324
702,382
702,396
703,61
703,85
703,250
703,345
703,346
703,371
703,396
704,83
704,181
704,242
704,257
704,331
704,363
704,382
704,387
705,139
705,160
705,245
705,362
705,373
705,381
705,405
706,102
706,155
706,199
706,234
706,293
706,313
706,387
707,6
707,52
707,141
707,173
707,240
707,341
707,411
708,129
708,156
708,193
708,220
708,329
708,414
709,7
709,15
709,167
709,251
709,269
709,389
710,33
710,101
710,173
710,217
710,307
710,315
710,395
711,158
711,210
711,221
711,263
711,363
711,372
711,394
712,14
712,42
712,63
712,292
712,301
712,382
712,416
713,93
713,142
713,163
713,216
713,295
713,374
713,404
714,45
714,47
714,98
714,398
715,93
715,129
715,193
715,224
715,329
715,414
716,23
716,85
716,131
716,154
716,219
716,345
716,403
717,90
717,160
717,218
717,297
717,305
717,354
717,417
718,5
718,7
718,134
718,161
718,209
718,214
718,354
718,410
719,96
719,102
719,168
719,237
719,346
719,362
719,402
720,39
720,124
720,125
720,146
720,398
721,108
721,319
721,356
721,406
722,70
722,100
722,201
722,382
722,398
723,67
723,79
723,342
723,394
724,17
724,32
724,51
724,287
724,398
725,26
725,49
725,51
725,271
725,409
726,189
726,255
726,385
726,387
727,53
727,106
727,202
727,347
727,387
728,99
728,203
728,364
728,412
729,17
729,25
729,50
729,337
729,418
730,29
730,124
730,149
730,418
731,5
731,355
731,365
731,387
732,72
732,279
732,284
732,327
732,328
732,382
732,387
733,27
733,356
733,380
733,387
734,77
734,107
734,371
734,391
735,37
735,255
735,277
735,400
736,64
736,106
736,335
736,379
736,382
736,394
737,32
737,204
737,286
737,382
737,408
738,28
738,107
738,113
738,302
738,382
738,409
739,26
739,51
739,287
739,394
740,2
740,253
740,288
740,398
741,55
741,98
741,261
741,382
741,412
742,100
742,132
742,337
742,366
742,412
743,10
743,79
743,326
743,382
743,398
744,303
744,336
744,340
744,375
744,408
745,1
745,128
745,191
745,286
745,391
746,48
746,109
746,285
746,412
747,99
747,105
747,355
747,372
747,391
748,64
748,70
748,72
748,310
748,311
748,355
748,394
749,79
749,108
749,271
749,400
750,25
750,311
750,359
750,395
751,71
751,106
751,358
751,389
752,108
752,189
752,213
752,344
752,389
753,49
753,91
753,115
753,365
753,382
753,387
754,204
754,205
754,316
754,375
754,408
755,100
755,107
755,114
755,364
755,382
755,387
756,9
756,100
756,146
756,412
757,72
757,125
757,138
757,398
758,98
758,110
758,133
758,206
758,398
759,146
759,280
759,326
759,382
759,398
760,64
760,70
760,76
760,201
760,382
760,406
761,47
761,284
761,327
761,382
761,398
762,107
762,212
762,337
762,338
762,408
763,71
763,136
763,357
763,387
764,202
764,317
764,318
764,360
764,408
765,132
765,213
765,376
765,395
766,8
766,70
766,100
766,408
767,76
767,279
767,284
767,327
767,409
768,204
768,260
768,317
768,387
769,13
769,146
769,309
769,311
769,407
770,69
770,72
770,106
770,108
770,356
770,389
771,39
771,91
771,298
771,382
771,400
772,103
772,134
772,153
772,234
772,300
772,366
772,407
773,86
773,205
773,358
773,408
774,100
774,286
774,382
774,412
775,37
775,109
775,253
775,398
776,134
776,276
776,287
776,335
776,382
776,394
777,126
777,287
777,288
777,326
777,382
777,398
778,87
778,191
778,261
778,357
778,398
779,201
779,339
779,376
779,387
780,26
780,91
780,148
780,418
781,55
781,138
781,385
781,398
782,99
782,109
782,111
782,206
782,408
783,27
783,50
783,147
783,395
784,88
784,260
784,317
784,412
785,148
785,201
785,316
785,408
786,13
786,107
786,278
786,382
786,398
787,28
787,48
787,294
787,328
787,387
788,29
788,69
788,147
788,412
789,32
789,49
789,288
789,321
789,412
790,8
790,132
790,365
790,367
790,387
791,12
791,276
791,335
791,387
792,78
792,339
792,375
792,412
793,192
793,203
793,360
793,376
793,412
794,190
794,204
794,261
794,336
794,412
795,201
795,356
795,370
795,372
795,378
795,412
796,109
796,150
796,356
796,398
797,109
797,112
797,276
797,318
797,406
798,26
798,51
798,86
798,408
799,2
799,260
799,270
799,412
800,206
800,261
800,379
800,408
801,9
801,100
801,340
801,387
802,59
802,128
802,286
802,382
802,387
803,97
803,202
803,337
803,340
803,408
804,28
804,47
804,287
804,382
804,404
805,146
805,271
805,327
805,382
805,409
806,37
806,359
806,378
806,408
807,39
807,70
807,152
807,412
808,75
808,124
808,149
808,398
809,10
809,80
809,106
809,400
810,117
810,136
810,262
810,317
810,318
810,365
810,387
811,150
811,286
811,310
811,395
812,50
812,147
812,288
812,395
813,99
813,202
813,364
813,398
814,12
814,80
814,378
814,400
815,25
815,51
815,358
815,398
816,97
816,360
816,377
816,398
817,109
817,277
817,278
817,379
817,412
818,39
818,124
818,201
818,400
819,9
819,79
819,99
819,398
820,30
820,50
820,64
820,146
820,387
821,8
821,87
821,336
821,338
821,408
822,204
822,260
822,319
822,407
823,29
823,148
823,309
823,311
823,412
824,60
824,118
824,287
824,326
824,382
824,387
825,285
825,309
825,327
825,412
826,48
826,51
826,279
826,294
826,412
827,119
827,280
827,318
827,365
827,407
828,147
828,285
828,328
828,409
829,31
829,47
829,294
829,407
830,25
830,48
830,51
830,54
830,300
830,409
831,76
831,191
831,302
831,319
831,394
832,27
832,48
832,120
832,205
832,395
833,10
833,272
833,355
833,406
834,276
834,278
834,339
834,357
834,412
835,100
835,261
835,276
835,408
836,191
836,192
836,205
836,253
836,260
836,382
836,398
837,97
837,112
837,132
837,206
837,391
838,131
838,159
838,224
838,361
838,366
838,399
839,27
839,48
839,64
839,270
839,382
839,398
840,37
840,252
840,294
840,327
840,387
841,143
841,275
841,315
841,387
842,86
842,114
842,133
842,382
842,398
843,32
843,49
843,294
843,382
843,398
844,26
844,49
844,51
844,271
844,279
844,408
845,38
845,135
845,202
845,317
845,382
845,389
846,132
846,152
846,189
846,359
846,398
847,84
847,323
847,356
847,394
848,30
848,132
848,294
848,409
849,205
849,261
849,358
849,407
850,29
850,204
850,355
850,382
850,408
851,61
851,191
851,319
851,377
851,408
852,31
852,303
852,335
852,387
853,64
853,201
853,317
853,336
853,382
853,398
854,108
854,277
854,379
854,387
855,39
855,50
855,279
855,288
855,389
856,28
856,47
856,326
856,409
857,47
857,71
857,149
857,398
858,59
858,128
858,328
858,387
859,62
859,133
859,317
859,382
859,387
860,133
860,190
860,365
860,375
860,412
861,8
861,54
861,98
861,192
861,395
862,38
862,260
862,385
862,389
863,60
863,206
863,359
863,398
864,9
864,311
864,359
864,387
865,70
865,150
865,298
865,382
865,398
866,9
866,64
866,79
866,80
866,93
866,129
866,391
867,54
867,100
867,190
867,191
867,364
867,387
868,128
868,302
868,337
868,408
869,106
869,278
869,335
869,398
870,47
870,124
870,138
870,328
870,409
871,10
871,24
871,97
871,338
871,339
871,391
872,87
872,202
872,261
872,408
873,55
873,111
873,357
873,358
873,380
873,408
874,59
874,69
874,284
874,412
875,69
875,303
875,367
875,412
876,25
876,48
876,115
876,272
876,387
877,93
877,203
877,277
877,407
878,88
878,150
878,377
878,389
879,88
879,302
879,336
879,394
880,191
880,276
880,316
880,377
880,398
881,86
881,278
881,376
881,387
882,107
882,276
882,337
882,338
882,398
883,48
883,204
883,280
883,328
883,412
884,128
884,285
884,327
884,328
884,409
885,2
885,37
885,277
885,412
886,22
886,46
886,286
886,382
886,395
887,285
887,309
887,327
887,404
888,30
888,270
888,326
888,398
889,54
889,97
889,192
889,260
889,387
890,26
890,49
890,279
890,285
890,409
891,27
891,271
891,309
891,387
892,136
892,317
892,379
892,404
893,117
893,303
893,316
893,357
893,391
894,30
894,46
894,260
894,372
894,398
895,39
895,358
895,376
895,408
896,28
896,309
896,355
896,387
897,80
897,146
897,378
897,387
898,38
898,147
898,302
898,389
899,86
899,115
899,136
899,337
899,391
900,39
900,109
900,212
900,412
901,72
901,165
901,275
901,344
901,387
902,71
902,206
902,319
902,404
903,272
903,278
903,326
903,409
904,69
904,337
904,338
904,365
904,387
905,31
905,47
905,287
905,395
906,116
906,150
906,254
906,377
906,398
907,100
907,107
907,136
907,404
908,13
908,91
908,203
908,382
908,394
909,135
909,202
909,276
909,398
910,29
910,50
910,119
910,288
910,387
911,50
911,284
911,327
911,404
912,27
912,48
912,270
912,328
912,409
913,20
913,54
913,97
913,118
913,395
914,37
914,80
914,88
914,253
914,400
915,55
915,136
915,204
915,404
916,100
916,206
916,271
916,375
916,387
917,24
917,32
917,42
917,49
917,272
917,409
918,149
918,270
918,303
918,356
918,394
919,205
919,213
919,336
919,409
920,25
920,70
920,71
920,340
920,387
921,71
921,109
921,150
921,406
922,316
922,378
922,384
922,412
923,75
923,111
923,148
923,300
923,404
924,86
924,202
924,213
924,395
925,26
925,51
925,357
925,395
926,12
926,70
926,106
926,389
927,91
927,204
927,261
927,409
928,28
928,359
928,380
928,387
929,52
929,120
929,203
929,364
929,387
930,128
930,254
930,287
930,387
931,261
931,335
931,360
931,412
932,129
932,200
932,258
932,346
932,382
932,388
933,29
933,138
933,311
933,395
934,32
934,80
934,97
934,114
934,118
934,382
934,395
935,70
935,106
935,113
935,213
935,398
936,4
936,66
936,75
936,170
936,392
937,10
937,270
937,327
937,382
937,398
938,97
938,190
938,203
938,336
938,408
939,16
939,211
939,212
939,310
939,412
940,121
940,136
940,318
940,365
940,387
941,30
941,205
941,355
941,358
941,404
942,15
942,123
942,189
942,310
942,409
943,87
943,148
943,206
943,319
943,408
944,106
944,136
944,337
944,398
945,27
945,47
945,309
945,395
946,29
946,98
946,119
946,132
946,382
946,412
947,108
947,277
947,379
947,391
948,26
948,50
948,88
948,387
949,99
949,205
949,316
949,391
950,71
950,285
950,328
950,404
951,25
951,49
951,294
951,382
951,394
952,28
952,310
952,316
952,404
953,55
953,119
953,203
953,286
953,412
954,13
954,260
954,381
954,389
955,37
955,123
955,378
955,409
956,97
956,213
956,380
956,391
957,204
957,365
957,380
957,387
958,31
958,54
958,357
958,404
959,86
959,205
959,376
959,406
960,80
960,120
960,364
960,380
960,387
961,13
961,86
961,114
961,376
961,382
961,387
961,407
962,60
962,191
962,278
962,359
962,387
963,51
963,284
963,327
963,398
964,2
964,39
964,271
964,382
964,398
965,135
965,375
965,382
965,398
966,85
966,89
966,134
966,171
966,273
966,382
966,387
967,38
967,212
967,380
967,389
968,157
968,225
968,259
968,314
968,349
968,370
968,410
969,112
969,125
969,146
969,271
969,409
970,101
970,150
970,311
970,387
971,37
971,319
971,338
971,400
972,8
972,27
972,48
972,394
973,72
973,192
973,266
973,309
973,398
974,88
974,202
974,358
974,412
975,32
975,124
975,138
975,412
976,149
976,206
976,316
976,387
977,107
977,213
977,279
977,294
977,398
978,134
978,202
978,380
978,398
979,54
979,100
979,149
979,398
980,25
980,271
980,309
980,412
981,28
981,47
981,286
981,382
981,394
982,147
982,310
982,379
982,387
983,29
983,49
983,69
983,189
983,394
984,203
984,249
984,385
984,408
985,148
985,255
985,309
985,412
986,113
986,136
986,276
986,350
986,398
987,115
987,190
987,250
987,296
987,302
987,394
988,69
988,132
988,284
988,367
988,398
989,86
989,261
989,359
989,387
990,9
990,76
990,114
990,146
990,398
991,86
991,133
991,336
991,412
992,106
992,277
992,337
992,391
993,112
993,204
993,212
993,288
993,404
994,75
994,284
994,327
994,394
995,192
995,311
995,317
995,335
995,339
995,391
996,26
996,49
996,125
996,294
996,398
997,59
997,60
997,201
997,319
997,404
998,30
998,38
998,286
998,395
999,32
999,50
999,117
999,279
999,286
999,382
999,412
1000,107
1000,205
1000,377
1000,382
1000,398
1001,31
1001,60
1001,189
1001,191
1001,355
1001,398
1002,25
1002,48
1002,357
1002,382
1002,398
1003,147
1003,203
1003,375
1003,404
1004,191
1004,201
1004,316
1004,379
1004,382
1004,404
1005,98
1005,206
1005,278
1005,408
1006,28
1006,107
1006,310
1006,398
1007,106
1007,147
1007,149
1007,380
1007,404
1008,71
1008,279
1008,288
1008,358
1008,394
1009,212
1009,213
1009,363
1009,378
1009,382
1009,418
1010,108
1010,276
1010,336
1010,340
1010,391
1011,72
1011,136
1011,337
1011,404
1012,272
1012,303
1012,335
1012,412
1013,150
1013,202
1013,253
1013,398
1014,54
1014,100
1014,260
1014,412
1015,69
1015,148
1015,333
1015,345
1015,418
1016,86
1016,132
1016,203
1016,407
1017,51
1017,138
1017,149
1017,395
1018,70
1018,75
1018,128
1018,398
1019,39
1019,254
1019,270
1019,400
1020,138
1020,285
1020,328
1020,400
1021,10
1021,206
1021,212
1021,387
1022,30
1022,47
1022,124
1022,359
1022,407
1023,10
1023,32
1023,54
1023,382
1023,407
1024,97
1024,133
1024,382
1024,394
1025,99
1025,205
1025,260
1025,287
1025,408
1026,38
1026,75
1026,87
1026,191
1026,382
1026,389
1027,27
1027,79
1027,119
1027,150
1027,395
1028,9
1028,72
1028,136
1028,387
1029,189
1029,317
1029,350
1029,361
1029,382
1029,398
1030,213
1030,360
1030,376
1030,408
1031,54
1031,69
1031,118
1031,342
1031,412
1032,98
1032,120
1032,357
1032,375
1032,391
1033,55
1033,201
1033,319
1033,404
1034,133
1034,302
1034,381
1034,382
1034,394
1035,28
1035,121
1035,124
1035,125
1035,146
1035,389
1036,315
1036,357
1036,362
1036,412
1037,38
1037,147
1037,288
1037,398
1038,107
1038,338
1038,379
1038,382
1038,418
1039,261
1040,87
1040,111
1040,286
1040,339
1040,358
1040,406
1041,29
1041,48
1041,64
1041,377
1041,394
1042,96
1042,107
1042,150
1042,377
1042,382
1042,398
1043,59
1043,72
1043,146
1043,387
1044,136
1044,205
1044,253
1044,398
1045,104
1045,128
1045,305
1045,387
1046,10
1046,71
1046,136
1046,387
1047,32
1047,150
1047,309
1047,311
1047,412
1048,100
1048,360
1048,375
1048,404
1049,108
1049,136
1049,191
1049,316
1049,387
1050,108
1050,255
1050,262
1050,336
1050,412
1051,39
1051,107
1051,190
1051,377
1051,382
1051,404
1052,91
1052,133
1052,381
1052,382
1052,391
1053,27
1053,64
1053,87
1053,326
1053,382
1053,406
1054,31
1054,54
1054,204
1054,387
1055,72
1055,79
1055,107
1055,391
1056,71
1056,112
1056,136
1056,359
1056,409
1057,48
1057,205
1057,317
1057,404
1058,86
1058,192
1058,358
1058,365
1058,398
1059,47
1059,284
1059,327
1059,382
1059,409
1060,8
1060,87
1060,115
1060,376
1060,406
1061,87
1061,318
1061,340
1061,404
1062,70
1062,212
1062,213
1062,380
1062,387
1063,60
1063,69
1063,280
1063,409
1064,109
1064,132
1064,385
1064,391
1065,25
1065,49
1065,272
1065,389
1066,59
1066,270
1066,318
1066,398
1067,37
1067,287
1067,335
1067,382
1067,391
1068,97
1068,117
1068,203
1068,356
1068,358
1068,387
1069,80
1069,149
1069,379
1069,382
1069,395
1070,8
1070,72
1070,277
1070,387
1071,75
1071,255
1071,376
1071,398
1072,29
1072,49
1072,271
1072,326
1072,387
1073,76
1073,276
1073,360
1073,408
1074,133
1074,152
1074,381
1074,382
1074,404
1075,32
1075,50
1075,286
1075,382
1075,394
1076,30
1076,138
1076,149
1076,395
1077,28
1077,48
1077,270
1077,382
1077,394
1078,260
1078,364
1078,379
1078,398
1079,9
1079,206
1079,276
1079,404
1080,201
1080,203
1080,253
1080,254
1080,298
1080,412
1081,7
1081,94
1081,105
1081,177
1081,194
1081,228
1081,400
1082,75
1082,128
1082,299
1082,391
1083,107
1083,190
1083,303
1083,364
1083,406
1084,95
1084,183
1084,197
1084,233
1084,312
1084,370
1084,412
1085,55
1085,116
1085,119
1085,277
1085,337
1085,391
1086,86
1086,120
1086,337
1086,357
1086,404
1087,128
1087,189
1087,338
1087,398
1088,87
1088,191
1088,202
1088,254
1088,387
1089,71
1089,212
1089,213
1089,357
1089,391
1090,124
1090,138
1090,150
1090,404
1091,133
1091,248
1091,298
1091,407
1092,88
1092,212
1092,378
1092,404
1093,59
1093,60
1093,136
1093,277
1093,412
1094,213
1094,337
1094,338
1094,379
1094,391
1095,59
1095,147
1095,272
1095,395
1096,26
1096,47
1096,114
1096,192
1096,328
1096,407
1097,38
1097,189
1097,205
1097,377
1097,382
1097,408
1098,64
1098,107
1098,213
1098,377
1098,398
1099,10
1099,69
1099,208
1099,395
1100,72
1100,364
1100,366
1100,412
1101,206
1101,356
1101,377
1101,387
1102,27
1102,212
1102,309
1102,412
1103,69
1103,108
1103,336
1103,400
1104,8
1104,253
1104,280
1104,412
1105,31
1105,148
1105,204
1105,418
1106,97
1106,118
1106,203
1106,365
1106,406
1107,72
1107,106
1107,287
1107,382
1107,387
1108,98
1108,317
1108,364
1108,408
1109,25
1109,50
1109,113
1109,130
1109,288
1109,387
1110,30
1110,31
1110,336
1110,337
1110,375
1110,408
1111,109
1111,121
1111,276
1111,336
1111,338
1111,391
1112,31
1112,70
1112,378
1112,412
1113,26
1113,298
1113,311
1113,412
1114,91
1114,114
1114,202
1114,318
1114,382
1114,391
1115,55
1115,123
1115,203
1115,387
1115,404
1116,118
1116,212
1116,356
1116,378
1116,404
1117,213
1117,253
1117,380
1117,412
1118,88
1118,112
1118,132
1118,152
1118,404
1119,109
1119,116
1119,276
1119,338
1119,389
1120,54
1120,86
1120,87
1120,121
1120,201
1120,204
1120,406
1121,49
1121,298
1121,326
1121,398
1122,29
1122,125
1122,138
1122,398
1123,152
1123,203
1123,277
1123,367
1123,408
1124,69
1124,110
1124,261
1124,271
1124,406
1125,32
1125,148
1125,309
1125,395
1126,191
1126,253
1126,270
1126,382
1126,387
1127,190
1127,205
1127,310
1127,311
1127,375
1127,412
1128,26
1128,86
1128,340
1128,391
1129,108
1129,255
1129,376
1129,398
1130,260
1130,357
1130,379
1130,407
1131,9
1131,191
1131,204
1131,212
1131,404
1132,64
1132,91
1132,120
1132,294
1132,319
1132,404
1133,25
1133,288
1133,358
1133,412
1134,91
1134,112
1134,192
1134,278
1134,319
1134,391
1135,30
1135,48
1135,111
1135,359
1135,387
1136,136
1136,276
1136,316
1136,412
1137,213
1137,261
1137,356
1137,379
1137,404
1138,9
1138,255
1138,310
1138,412
1139,28
1139,280
1139,328
1139,365
1139,408
1140,147
1140,212
1140,357
1140,398
1141,60
1141,128
1141,326
1141,400
1142,67
1142,68
1142,75
1142,98
1142,132
1142,398
1143,71
1143,110
1143,289
1143,325
1143,362
1143,387
1144,27
1144,121
1144,133
1144,382
1144,412
1145,31
1145,298
1145,362
1145,387
1146,47
1146,64
1146,138
1146,149
1146,190
1146,192
1146,398
1147,109
1147,295
1147,377
1147,408
1148,112
1148,136
1148,271
1148,302
1148,409
1149,72
1149,279
1149,284
1149,303
1149,387
1150,72
1150,108
1150,277
1150,387
1151,8
1151,99
1151,111
1151,334
1151,356
1151,406
1152,55
1152,189
1152,191
1152,302
1152,394
1153,35
1153,39
1153,385
1153,398
1154,29
1154,49
1154,115
1154,270
1154,382
1154,387
1155,59
1155,116
1155,298
1155,335
1155,339
1155,391
1156,54
1156,72
1156,355
1156,382
1156,406
1157,30
1157,113
1157,138
1157,150
1157,398
1158,12
1158,336
1158,385
1158,408
1159,97
1159,206
1159,317
1159,406
1160,60
1160,117
1160,127
1160,284
1160,327
1160,398
1161,48
1161,285
1161,328
1161,394
1162,37
1162,76
1162,191
1162,376
1162,400
1163,91
1163,118
1163,149
1163,280
1163,395
1164,128
1164,284
1164,327
1164,382
1164,409
1165,76
1165,138
1165,328
1165,387
1166,31
1166,146
1166,192
1166,260
1166,406
1167,122
1167,354
1167,378
1167,412
1168,254
1168,278
1168,376
1168,391
1169,79
1169,108
1169,277
1169,391
1170,32
1170,49
1170,270
1170,382
1170,387
1171,122
1171,150
1171,190
1171,317
1171,404
1172,202
1172,261
1172,364
1172,407
1173,201
1173,260
1173,378
1173,400
1174,338
1174,356
1174,379
1174,391
1175,55
1175,114
1175,253
1175,382
1175,387
1176,86
1176,202
1176,378
1176,387
1177,98
1177,270
1177,378
1177,382
1177,387
1178,55
1178,70
1178,201
1178,404
1179,26
1179,88
1179,351
1179,357
1179,394
1180,25
1180,119
1180,191
1180,192
1180,193
1180,254
1180,409
1181,27
1181,146
1181,189
1181,192
1181,309
1181,311
1181,389
1182,203
1182,272
1182,316
1182,357
1182,404
1183,30
1183,120
1183,205
1183,358
1183,387
1184,28
1184,54
1184,100
1184,121
1184,387
1185,55
1185,132
1185,152
1185,272
1185,398
1186,87
1186,337
1186,340
1186,365
1186,412
1187,31
1187,50
1187,294
1187,409
1188,29
1188,148
1188,285
1188,326
1188,382
1188,412
1189,106
1189,254
1189,255
1189,400
1190,280
1190,318
1190,382
1190,404
1191,50
1191,64
1191,206
1191,279
1191,294
1191,382
1191,412
1192,108
1192,201
1192,286
1192,404
1193,132
1193,280
1193,326
1193,394
1194,213
1194,276
1194,380
1194,395
1195,203
1195,253
1195,384
1195,400
1196,71
1196,116
1196,331
1196,357
1196,359
1196,398
1197,32
1197,99
1197,110
1197,202
1197,404
1198,13
1198,278
1198,309
1198,311
1198,389
1199,98
1199,204
1199,319
1199,404
1200,2
1200,136
1200,191
1200,276
1200,412
1201,10
1201,147
1201,190
1201,364
1201,412
1202,212
1202,261
1202,376
1202,382
1202,407
1203,25
1203,55
1203,109
1203,115
1203,398
1204,12
1204,13
1204,107
1204,355
1204,360
1204,412
1205,91
1205,116
1205,206
1205,280
1205,382
1205,394
1206,111
1206,128
1206,149
1206,272
1206,387
1207,88
1207,192
1207,338
1207,356
1207,391
1208,133
1208,302
1208,335
1208,338
1208,382
1208,394
1209,9
1209,55
1209,75
1209,409
1210,205
1210,318
1210,360
1210,404
1211,148
1211,190
1211,201
1211,316
1211,382
1211,404
1212,54
1212,60
1212,284
1212,328
1212,398
1213,59
1213,117
1213,335
1213,357
1213,382
1213,391
1214,99
1214,203
1214,365
1214,407
1215,189
1215,255
1215,305
1215,359
1215,382
1215,398
1216,38
1216,91
1216,113
1216,319
1216,404
1217,98
1217,148
1217,271
1217,398
1218,26
1218,50
1218,114
1218,288
1218,395
1219,39
1219,286
1219,338
1219,382
1219,412
1220,29
1220,202
1220,378
1220,395
1221,97
1221,206
1221,358
1221,404
1222,52
1222,191
1222,204
1222,317
1222,404
1223,27
1223,100
1223,118
1223,201
1223,395
1224,51
1224,287
1224,326
1224,387
1225,98
1225,106
1225,360
1225,404
1226,98
1226,146
1226,203
1226,398
1227,32
1227,51
1227,110
1227,285
1227,327
1227,387
1228,48
1228,90
1228,287
1228,387
1229,147
1229,152
1229,192
1229,317
1229,382
1229,395
1230,358
1230,379
1230,385
1230,387
1231,13
1231,148
1231,355
1231,356
1231,398
1232,8
1232,64
1232,80
1232,271
1232,398
1233,107
1233,149
1233,261
1233,398
1234,37
1234,150
1234,286
1234,412
1235,26
1235,49
1235,271
1235,279
1235,382
1235,418
1236,213
1236,357
1236,377
1236,418
1237,93
1237,262
1237,400
1238,136
1238,202
1238,364
1238,404
1239,122
1239,137
1239,203
1239,404
1240,109
1240,277
1240,375
1240,404
1241,28
1241,55
1241,189
1241,206
1241,398
1242,30
1242,47
1242,294
1242,398
1243,88
1243,212
1243,287
1243,394
1244,50
1244,91
1244,280
1244,286
1244,327
1244,382
1244,409
1245,204
1245,365
1245,380
1245,395
1246,108
1246,146
1246,205
1246,382
1246,409
1247,108
1247,336
1247,385
1247,412
1248,47
1248,284
1248,303
1248,328
1248,409
1249,8
1249,87
1249,213
1249,387
1250,36
1250,102
1250,360
1250,408
1251,69
1251,138
1251,149
1251,395
1252,25
1252,48
1252,272
1252,398
1253,59
1253,206
1253,253
1253,398
1254,51
1254,280
1254,326
1254,409
1255,72
1255,79
1255,107
1255,391
1256,99
1256,120
1256,202
1256,270
1256,382
1256,404
1257,29
1257,147
1257,310
1257,395
1258,32
1258,51
1258,285
1258,327
1258,409
1259,49
1259,284
1259,328
1259,412
1260,26
1260,150
1260,201
1260,310
1260,311
1260,404
1261,59
1261,60
1261,285
1261,326
1261,409
1262,29
1262,309
1262,375
1262,412
1263,12
1263,248
1263,297
1263,408
1264,150
1264,203
1264,270
1264,382
1264,395
1265,28
1265,146
1265,272
1265,395
1266,36
1266,89
1266,249
1266,305
1266,390
1267,203
1267,204
1267,205
1267,310
1267,311
1267,355
1267,356
1267,376
1267,379
1267,409
1268,27
1268,50
1268,270
1268,382
1268,391
1269,148
1269,192
1269,309
1269,311
1269,355
1269,357
1269,412
1270,88
1270,212
1270,378
1270,387
1271,136
1271,147
1271,205
1271,404
1272,106
1272,112
1272,206
1272,254
1272,398
1273,106
1273,149
1273,340
1273,387
1274,48
1274,279
1274,285
1274,327
1274,409
1275,100
1275,146
1275,202
1275,315
1275,398
1276,31
1276,99
1276,124
1276,398
1277,88
1277,121
1277,149
1277,364
1277,395
1278,28
1278,49
1278,87
1278,200
1278,387
1279,76
1279,138
1279,146
1279,395
1280,25
1280,59
1280,192
1280,286
1280,382
1280,398
1281,115
1281,148
1281,302
1281,316
1281,395
1282,109
1282,278
1282,375
1282,398
1283,213
1283,339
1283,376
1283,391
1284,32
1284,47
1284,294
1284,409
1285,29
1285,124
1285,149
1285,189
1285,398
1286,71
1286,190
1286,201
1286,358
1286,408
1287,9
1287,72
1287,92
1287,398
1288,13
1288,64
1288,150
1288,316
1288,318
1288,382
1288,412
1289,88
1289,376
1289,385
1289,408
1290,38
1290,319
1290,365
1290,404
1291,106
1291,148
1291,191
1291,336
1291,339
1291,412
1292,70
1292,205
1292,318
1292,373
1292,391
1293,101
1293,104
1293,136
1293,335
1293,337
1293,375
1293,391
1294,106
1294,150
1294,192
1294,376
1294,387
1295,25
1295,51
1295,114
1295,271
1295,412
1296,21
1296,147
1296,310
1296,391
1297,27
1297,50
1297,100
1297,111
1297,284
1297,382
1297,398
1298,2
1298,39
1298,375
1298,412
1299,37
1299,125
1299,260
1299,409
1300,25
1300,48
1300,294
1300,310
1300,418
1301,28
1301,286
1301,360
1301,418
1302,117
1302,204
1302,319
1302,335
1302,338
1302,404
1303,108
1303,212
1303,379
1303,391
1304,261
1304,319
1304,356
1304,398
1305,12
1305,60
1305,133
1305,398
1306,2
1306,38
1306,286
1306,382
1306,412
1307,29
1307,149
1307,190
1307,309
1307,412
1308,108
1308,213
1308,380
1308,391
1309,26
1309,287
1309,375
1309,382
1309,409
1310,106
1310,150
1310,376
1310,382
1310,395
1311,146
1311,190
1311,206
1311,310
1311,398
1312,30
1312,49
1312,285
1312,326
1312,394
1313,87
1313,124
1313,149
1313,191
1313,398
1314,30
1314,31
1314,105
1314,318
1314,394
1315,62
1315,147
1315,213
1315,377
1315,398
1316,109
1316,364
1316,377
1316,391
1317,49
1317,202
1317,295
1317,394
1318,192
1318,212
1318,260
1318,380
1318,398
1319,50
1319,51
1319,100
1319,189
1319,192
1319,287
1319,412
1320,10
1320,32
1320,47
1320,382
1320,408
1321,39
1321,261
1321,286
1321,382
1321,400
1322,13
1322,63
1322,147
1322,375
1322,400
1323,93
1323,279
1323,288
1323,327
1323,398
1324,35
1324,359
1324,375
1324,404
1325,128
1325,190
1325,298
1325,348
1325,387
1326,25
1326,213
1326,309
1326,310
1326,335
1326,337
1326,408
1327,30
1327,146
1327,317
1327,318
1327,395
1328,190
1328,276
1328,285
1328,327
1328,328
1328,365
1328,387
1329,13
1329,201
1329,287
1329,382
1329,394
1330,98
1330,110
1330,133
1330,382
1330,398
1331,60
1331,70
1331,298
1331,398
1332,35
1332,39
1332,86
1332,277
1332,412
1333,60
1333,70
1333,298
1333,398
1334,87
1334,338
1334,356
1334,361
1334,406
1335,2
1335,12
1335,255
1335,412
1336,12
1336,108
1336,273
1336,298
1336,389
1337,91
1337,360
1337,378
1337,404
1338,31
1338,100
1338,355
1338,412
1339,97
1339,288
1339,316
1339,371
1339,404
1340,98
1340,106
1340,136
1340,404
1341,6
1341,69
1341,80
1341,398
1342,54
1342,204
1342,286
1342,394
1343,120
1343,205
1343,310
1343,311
1343,355
1343,357
1343,398
1344,47
1344,288
1344,303
1344,409
1345,88
1345,342
1345,377
1345,391
1346,26
1346,270
1346,339
1346,391
1347,2
1347,38
1347,254
1347,398
1348,86
1348,132
1348,150
1348,206
1348,408
1349,30
1349,48
1349,146
1349,395
1350,209
1350,211
1350,260
1350,364
1350,407
1351,86
1351,116
1351,121
1351,205
1351,352
1351,398
1352,25
1352,44
1352,71
1352,358
1352,382
1352,387
1353,84
1353,153
1353,236
1353,275
1353,351
1353,374
1353,402
1354,87
1354,149
1354,212
1354,213
1354,382
1354,395
1355,29
1355,40
1355,147
1355,285
1355,382
1355,387
1356,87
1356,113
1356,202
1356,302
1356,406
1357,4
1357,39
1357,70
1357,389
1358,86
1358,148
1358,365
1358,387
1359,38
1359,79
1359,287
1359,387
1360,12
1360,91
1360,356
1360,387
1361,9
1361,51
1361,204
1361,418
1362,9
1362,10
1362,309
1362,311
1362,355
1362,398
